system,family,n,paths_total,path_index,method,iterations
katsura3,katsura,3,4,1,adaptive_constant,333
katsura3,katsura,3,4,1,apriori_constant,216
katsura3,katsura,3,4,1,truncated_hermite,13
katsura3,katsura,3,4,1,nontruncated_hermite,15
katsura3,katsura,3,4,1,order3_apriori,8
katsura3,katsura,3,4,1,order3_apriori,success,1.0,0.840006542,19
katsura3,katsura,3,4,2,order3_apriori,success,1.0,0.022148,12
katsura3,katsura,3,4,3,order3_apriori,success,1.0,0.022102583,15
katsura3,katsura,3,4,4,order3_apriori,success,1.0,0.028002458,19
katsura4,katsura,4,8,1,order3_apriori,success,1.0,0.360785625,34
katsura4,katsura,4,8,2,order3_apriori,success,1.0,0.056318375,31
katsura4,katsura,4,8,3,order3_apriori,success,1.0,0.0343815,19
katsura4,katsura,4,8,4,order3_apriori,success,1.0,0.056659833,23
katsura4,katsura,4,8,5,order3_apriori,success,1.0,0.132354625,31
katsura4,katsura,4,8,6,order3_apriori,success,1.0,0.050393167,16
katsura4,katsura,4,8,7,order3_apriori,success,1.0,0.418374208,27
katsura4,katsura,4,8,8,order3_apriori,success,1.0,0.048055792,24
katsura5,katsura,5,16,1,order3_apriori,success,1.0,0.160270125,47
katsura5,katsura,5,16,2,order3_apriori,success,1.0,0.564002208,56
katsura5,katsura,5,16,3,order3_apriori,success,1.0,0.121938375,36
katsura5,katsura,5,16,4,order3_apriori,success,1.0,0.087408166,27
katsura5,katsura,5,16,5,order3_apriori,success,1.0,0.572638625,94
katsura5,katsura,5,16,6,order3_apriori,success,1.0,0.176824166,56
katsura5,katsura,5,16,7,order3_apriori,success,1.0,0.49294275,41
katsura5,katsura,5,16,8,order3_apriori,success,1.0,0.103621875,35
katsura5,katsura,5,16,9,order3_apriori,success,1.0,0.124995916,37
katsura5,katsura,5,16,10,order3_apriori,success,1.0,0.480898083,62
katsura5,katsura,5,16,11,order3_apriori,success,1.0,0.228861375,66
katsura5,katsura,5,16,12,order3_apriori,success,1.0,0.531012917,55
katsura5,katsura,5,16,13,order3_apriori,success,1.0,0.064096958,20
katsura5,katsura,5,16,14,order3_apriori,success,1.0,0.12248375,37
katsura5,katsura,5,16,15,order3_apriori,success,1.0,0.398178958,32
katsura5,katsura,5,16,16,order3_apriori,success,1.0,0.198652417,68
katsura6,katsura,6,32,1,order3_apriori,success,1.0,0.596357833,41
katsura6,katsura,6,32,2,order3_apriori,success,1.0,0.417006875,51
katsura6,katsura,6,32,3,order3_apriori,success,1.0,0.663013917,32
katsura6,katsura,6,32,4,order3_apriori,success,1.0,0.152833583,30
katsura6,katsura,6,32,5,order3_apriori,success,1.0,0.694193792,73
katsura6,katsura,6,32,6,order3_apriori,success,1.0,0.194067333,40
katsura6,katsura,6,32,7,order3_apriori,success,1.0,0.604286084,66
katsura6,katsura,6,32,8,order3_apriori,success,1.0,0.4269445,30
katsura6,katsura,6,32,9,order3_apriori,success,1.0,0.212337,48
katsura6,katsura,6,32,10,order3_apriori,success,1.0,0.5107225,43
katsura6,katsura,6,32,11,order3_apriori,success,1.0,0.178616875,36
katsura6,katsura,6,32,12,order3_apriori,success,1.0,0.509051708,54
katsura6,katsura,6,32,13,order3_apriori,success,1.0,0.16877225,35
katsura6,katsura,6,32,14,order3_apriori,success,1.0,0.415846917,39
katsura6,katsura,6,32,15,order3_apriori,success,1.0,0.155002584,34
katsura6,katsura,6,32,16,order3_apriori,success,1.0,0.3700075,28
katsura6,katsura,6,32,17,order3_apriori,success,1.0,0.435732042,43
katsura6,katsura,6,32,18,order3_apriori,success,1.0,0.126275459,31
katsura6,katsura,6,32,19,order3_apriori,success,1.0,0.188913292,43
katsura6,katsura,6,32,20,order3_apriori,success,1.0,0.466041667,41
katsura6,katsura,6,32,21,order3_apriori,success,1.0,0.498129833,40
katsura6,katsura,6,32,22,order3_apriori,success,1.0,0.168642,36
katsura6,katsura,6,32,23,order3_apriori,success,1.0,0.550991333,54
katsura6,katsura,6,32,24,order3_apriori,success,1.0,0.165493833,34
katsura6,katsura,6,32,25,order3_apriori,success,1.0,0.407286125,33
katsura6,katsura,6,32,26,order3_apriori,success,1.0,0.563391167,64
katsura6,katsura,6,32,27,order3_apriori,success,1.0,0.536983667,59
katsura6,katsura,6,32,28,order3_apriori,success,1.0,0.227859792,49
katsura6,katsura,6,32,29,order3_apriori,success,1.0,0.117570333,23
katsura6,katsura,6,32,30,order3_apriori,success,1.0,0.56601425,27
katsura6,katsura,6,32,31,order3_apriori,success,1.0,0.778920583,64
katsura6,katsura,6,32,32,order3_apriori,success,1.0,0.217809125,43
random(2^3),random_dense,3,8,1,order3_apriori,success,1.0,0.060390333,19
random(2^3),random_dense,3,8,2,order3_apriori,success,1.0,0.050561583,20
random(2^3),random_dense,3,8,3,order3_apriori,success,1.0,0.37927175,16
random(2^3),random_dense,3,8,4,order3_apriori,success,1.0,0.03891175,21
random(2^3),random_dense,3,8,5,order3_apriori,success,1.0,0.028714791,15
random(2^3),random_dense,3,8,6,order3_apriori,success,1.0,0.034275416,18
random(2^3),random_dense,3,8,7,order3_apriori,success,1.0,0.024647917,13
random(2^3),random_dense,3,8,8,order3_apriori,success,1.0,0.042792708,23
random(2^4),random_dense,4,16,1,order3_apriori,success,1.0,0.085571667,18
random(2^4),random_dense,4,16,2,order3_apriori,success,1.0,0.459118417,34
random(2^4),random_dense,4,16,3,order3_apriori,success,1.0,0.813817791,131
random(2^4),random_dense,4,16,4,order3_apriori,success,1.0,0.431519708,29
random(2^4),random_dense,4,16,5,order3_apriori,success,1.0,0.098602875,25
random(2^4),random_dense,4,16,6,order3_apriori,success,1.0,0.184303709,46
random(2^4),random_dense,4,16,7,order3_apriori,success,1.0,0.43524925,37
random(2^4),random_dense,4,16,8,order3_apriori,success,1.0,0.467938958,52
random(2^4),random_dense,4,16,9,order3_apriori,success,1.0,0.098638167,24
random(2^4),random_dense,4,16,10,order3_apriori,success,1.0,0.072075125,16
random(2^4),random_dense,4,16,11,order3_apriori,success,1.0,1.012306583,125
random(2^4),random_dense,4,16,12,order3_apriori,success,1.0,0.096587833,25
random(2^4),random_dense,4,16,13,order3_apriori,success,1.0,0.15050175,33
random(2^4),random_dense,4,16,14,order3_apriori,success,1.0,0.387312459,11
random(2^4),random_dense,4,16,15,order3_apriori,success,1.0,0.108476958,29
random(2^4),random_dense,4,16,16,order3_apriori,success,1.0,0.182953541,41
random(2^5),random_dense,5,32,1,order3_apriori,success,1.0,0.462132208,17
random(2^5),random_dense,5,32,2,order3_apriori,success,1.0,0.521926167,33
random(2^5),random_dense,5,32,3,order3_apriori,success,1.0,0.737781416,72
random(2^5),random_dense,5,32,4,order3_apriori,success,1.0,0.363939375,20
random(2^5),random_dense,5,32,5,order3_apriori,success,1.0,0.154289291,20
random(2^5),random_dense,5,32,6,order3_apriori,success,1.0,0.452542166,27
random(2^5),random_dense,5,32,7,order3_apriori,success,1.0,0.445654625,22
random(2^5),random_dense,5,32,8,order3_apriori,success,1.0,0.16028375,21
random(2^5),random_dense,5,32,9,order3_apriori,success,1.0,0.511435834,36
random(2^5),random_dense,5,32,10,order3_apriori,success,1.0,0.434145417,19
random(2^5),random_dense,5,32,11,order3_apriori,success,1.0,0.286165708,38
random(2^5),random_dense,5,32,12,order3_apriori,success,1.0,0.45677475,29
random(2^5),random_dense,5,32,13,order3_apriori,success,1.0,0.374383292,15
random(2^5),random_dense,5,32,14,order3_apriori,success,1.0,0.680903542,60
random(2^5),random_dense,5,32,15,order3_apriori,success,1.0,0.111076625,15
random(2^5),random_dense,5,32,16,order3_apriori,success,1.0,0.413871959,21
random(2^5),random_dense,5,32,17,order3_apriori,success,1.0,0.170955125,22
random(2^5),random_dense,5,32,18,order3_apriori,success,1.0,0.677379584,48
random(2^5),random_dense,5,32,19,order3_apriori,success,1.0,0.592407416,24
random(2^5),random_dense,5,32,20,order3_apriori,success,1.0,0.599493125,39
random(2^5),random_dense,5,32,21,order3_apriori,success,1.0,0.298730917,32
random(2^5),random_dense,5,32,22,order3_apriori,success,1.0,0.485403,23
random(2^5),random_dense,5,32,23,order3_apriori,success,1.0,0.136197709,16
random(2^5),random_dense,5,32,24,order3_apriori,success,1.0,0.460704209,26
random(2^5),random_dense,5,32,25,order3_apriori,success,1.0,0.642756958,36
random(2^5),random_dense,5,32,26,order3_apriori,success,1.0,0.226952208,28
random(2^5),random_dense,5,32,27,order3_apriori,success,1.0,0.512719875,33
random(2^5),random_dense,5,32,28,order3_apriori,success,1.0,0.542182291,19
random(2^5),random_dense,5,32,29,order3_apriori,success,1.0,0.154215584,20
random(2^5),random_dense,5,32,30,order3_apriori,success,1.0,0.66038825,29
random(2^5),random_dense,5,32,31,order3_apriori,success,1.0,0.145554459,19
random(2^5),random_dense,5,32,32,order3_apriori,success,1.0,0.205554583,14
random(2^6),random_dense,6,64,1,order3_apriori,success,1.0,1.241117875,37
random(2^6),random_dense,6,64,2,order3_apriori,success,1.0,3.67912625,78
random(2^6),random_dense,6,64,3,order3_apriori,success,1.0,0.811983792,33
random(2^6),random_dense,6,64,4,order3_apriori,success,1.0,2.663532125,79
random(2^6),random_dense,6,64,5,order3_apriori,success,1.0,2.869682416,62
random(2^6),random_dense,6,64,6,order3_apriori,success,1.0,3.134073708,67
random(2^6),random_dense,6,64,7,order3_apriori,success,1.0,1.682187042,33
random(2^6),random_dense,6,64,8,order3_apriori,success,1.0,1.488460125,42
random(2^6),random_dense,6,64,9,order3_apriori,success,1.0,2.480089167,55
random(2^6),random_dense,6,64,10,order3_apriori,success,1.0,1.743963708,42
random(2^6),random_dense,6,64,11,order3_apriori,success,1.0,1.169192,31
random(2^6),random_dense,6,64,12,order3_apriori,success,1.0,0.696651375,32
random(2^6),random_dense,6,64,13,order3_apriori,success,1.0,2.059948875,53
random(2^6),random_dense,6,64,14,order3_apriori,success,1.0,1.490406458,41
random(2^6),random_dense,6,64,15,order3_apriori,success,1.0,1.451328125,50
random(2^6),random_dense,6,64,16,order3_apriori,success,1.0,0.804285375,25
random(2^6),random_dense,6,64,17,order3_apriori,success,1.0,1.480785375,56
random(2^6),random_dense,6,64,18,order3_apriori,success,1.0,2.443624459,57
random(2^6),random_dense,6,64,19,order3_apriori,success,1.0,2.167172041,64
random(2^6),random_dense,6,64,20,order3_apriori,success,1.0,1.212829875,50
random(2^6),random_dense,6,64,21,order3_apriori,success,1.0,1.489106333,56
random(2^6),random_dense,6,64,22,order3_apriori,success,1.0,1.824888416,41
random(2^6),random_dense,6,64,23,order3_apriori,success,1.0,2.607659208,71
random(2^6),random_dense,6,64,24,order3_apriori,success,1.0,1.936943334,76
random(2^6),random_dense,6,64,25,order3_apriori,success,1.0,1.62301875,56
random(2^6),random_dense,6,64,26,order3_apriori,success,1.0,1.153325709,53
random(2^6),random_dense,6,64,27,order3_apriori,success,1.0,1.221907042,55
random(2^6),random_dense,6,64,28,order3_apriori,success,1.0,1.207930667,46
random(2^6),random_dense,6,64,29,order3_apriori,success,1.0,0.655272333,28
random(2^6),random_dense,6,64,30,order3_apriori,success,1.0,1.541008083,58
random(2^6),random_dense,6,64,31,order3_apriori,success,1.0,1.661794167,69
random(2^6),random_dense,6,64,32,order3_apriori,success,1.0,0.74871375,42
random(2^6),random_dense,6,64,33,order3_apriori,success,1.0,0.898733584,36
random(2^6),random_dense,6,64,34,order3_apriori,success,1.0,1.184808083,59
random(2^6),random_dense,6,64,35,order3_apriori,success,1.0,0.846475666,33
random(2^6),random_dense,6,64,36,order3_apriori,success,1.0,0.778625959,36
random(2^6),random_dense,6,64,37,order3_apriori,success,1.0,2.216804375,100
random(2^6),random_dense,6,64,38,order3_apriori,success,1.0,4.124224834,180
random(2^6),random_dense,6,64,39,order3_apriori,success,1.0,1.074846166,51
random(2^6),random_dense,6,64,40,order3_apriori,success,1.0,0.919700333,37
random(2^6),random_dense,6,64,41,order3_apriori,success,1.0,1.225775667,57
random(2^6),random_dense,6,64,42,order3_apriori,success,1.0,0.800409625,32
random(2^6),random_dense,6,64,43,order3_apriori,success,1.0,3.800461083,103
random(2^6),random_dense,6,64,44,order3_apriori,success,1.0,2.016913459,36
random(2^6),random_dense,6,64,45,order3_apriori,success,1.0,1.093594833,22
random(2^6),random_dense,6,64,46,order3_apriori,success,1.0,2.355626417,58
random(2^6),random_dense,6,64,47,order3_apriori,success,1.0,0.828347916,23
random(2^6),random_dense,6,64,48,order3_apriori,success,1.0,0.590266833,26
random(2^6),random_dense,6,64,49,order3_apriori,success,1.0,1.036002958,31
random(2^6),random_dense,6,64,50,order3_apriori,success,1.0,1.253847583,49
random(2^6),random_dense,6,64,51,order3_apriori,success,1.0,0.618958083,30
random(2^6),random_dense,6,64,52,order3_apriori,success,1.0,0.720478791,29
random(2^6),random_dense,6,64,53,order3_apriori,success,1.0,2.325548917,78
random(2^6),random_dense,6,64,54,order3_apriori,success,1.0,2.08184775,60
random(2^6),random_dense,6,64,55,order3_apriori,success,1.0,0.864157958,39
random(2^6),random_dense,6,64,56,order3_apriori,success,1.0,0.564067,25
random(2^6),random_dense,6,64,57,order3_apriori,success,1.0,0.574224291,27
random(2^6),random_dense,6,64,58,order3_apriori,success,1.0,2.279612125,78
random(2^6),random_dense,6,64,59,order3_apriori,success,1.0,2.011381667,47
random(2^6),random_dense,6,64,60,order3_apriori,success,1.0,2.088271666,48
random(2^6),random_dense,6,64,61,order3_apriori,success,1.0,1.076179792,40
random(2^6),random_dense,6,64,62,order3_apriori,success,1.0,1.063101125,39
random(2^6),random_dense,6,64,63,order3_apriori,success,1.0,0.676489459,28
random(2^6),random_dense,6,64,64,order3_apriori,success,1.0,1.213208708,35
katsura3,katsura,3,4,1,order3_apriori,success,1.0,0.883506042,19
katsura3,katsura,3,4,2,order3_apriori,success,1.0,0.02631425,12
katsura3,katsura,3,4,3,order3_apriori,success,1.0,0.022858,15
katsura3,katsura,3,4,4,order3_apriori,success,1.0,0.026201542,19
katsura4,katsura,4,8,1,order3_apriori,success,1.0,0.378377375,34
katsura4,katsura,4,8,2,order3_apriori,success,1.0,0.058104166,31
katsura4,katsura,4,8,3,order3_apriori,success,1.0,0.0985575,19
katsura4,katsura,4,8,4,order3_apriori,success,1.0,0.058696459,23
katsura4,katsura,4,8,5,order3_apriori,success,1.0,0.089470584,31
katsura4,katsura,4,8,6,order3_apriori,success,1.0,0.056924042,16
katsura4,katsura,4,8,7,order3_apriori,success,1.0,0.089273,27
katsura4,katsura,4,8,8,order3_apriori,success,1.0,0.516018667,24
katsura5,katsura,5,16,1,order3_apriori,success,1.0,0.162496292,47
katsura5,katsura,5,16,2,order3_apriori,success,1.0,0.214947958,56
katsura5,katsura,5,16,3,order3_apriori,success,1.0,0.70505425,36
katsura5,katsura,5,16,4,order3_apriori,success,1.0,0.089329708,27
katsura5,katsura,5,16,5,order3_apriori,success,1.0,0.745169333,94
katsura5,katsura,5,16,6,order3_apriori,success,1.0,0.185524958,56
katsura5,katsura,5,16,7,order3_apriori,success,1.0,0.160583875,41
katsura5,katsura,5,16,8,order3_apriori,success,1.0,0.598127541,35
katsura5,katsura,5,16,9,order3_apriori,success,1.0,0.108485541,37
katsura5,katsura,5,16,10,order3_apriori,success,1.0,0.218492459,62
katsura5,katsura,5,16,11,order3_apriori,success,1.0,0.590730334,66
katsura5,katsura,5,16,12,order3_apriori,success,1.0,0.174286709,55
katsura5,katsura,5,16,13,order3_apriori,success,1.0,0.0849085,20
katsura5,katsura,5,16,14,order3_apriori,success,1.0,0.616699375,37
katsura5,katsura,5,16,15,order3_apriori,success,1.0,0.096789125,32
katsura5,katsura,5,16,16,order3_apriori,success,1.0,0.254358,68
katsura6,katsura,6,32,1,order3_apriori,success,1.0,0.617333417,41
katsura6,katsura,6,32,2,order3_apriori,success,1.0,0.308345125,51
katsura6,katsura,6,32,3,order3_apriori,success,1.0,0.701646958,32
katsura6,katsura,6,32,4,order3_apriori,success,1.0,0.146957959,30
katsura6,katsura,6,32,5,order3_apriori,success,1.0,0.729786916,73
katsura6,katsura,6,32,6,order3_apriori,success,1.0,0.221798208,40
katsura6,katsura,6,32,7,order3_apriori,success,1.0,0.682264125,66
katsura6,katsura,6,32,8,order3_apriori,success,1.0,0.506015792,30
katsura6,katsura,6,32,9,order3_apriori,success,1.0,0.308258791,48
katsura6,katsura,6,32,10,order3_apriori,success,1.0,0.594624,43
katsura6,katsura,6,32,11,order3_apriori,success,1.0,0.20172875,36
katsura6,katsura,6,32,12,order3_apriori,success,1.0,0.5631605,54
katsura6,katsura,6,32,13,order3_apriori,success,1.0,0.451488833,35
katsura6,katsura,6,32,14,order3_apriori,success,1.0,0.191534459,39
katsura6,katsura,6,32,15,order3_apriori,success,1.0,0.4733,34
katsura6,katsura,6,32,16,order3_apriori,success,1.0,0.150055209,28
katsura6,katsura,6,32,17,order3_apriori,success,1.0,0.729258875,43
katsura6,katsura,6,32,18,order3_apriori,success,1.0,0.174704041,31
katsura6,katsura,6,32,19,order3_apriori,success,1.0,0.592536,43
katsura6,katsura,6,32,20,order3_apriori,success,1.0,0.212132791,41
katsura6,katsura,6,32,21,order3_apriori,success,1.0,0.545793792,40
katsura6,katsura,6,32,22,order3_apriori,success,1.0,0.200287875,36
katsura6,katsura,6,32,23,order3_apriori,success,1.0,0.522229167,54
katsura6,katsura,6,32,24,order3_apriori,success,1.0,0.172833417,34
katsura6,katsura,6,32,25,order3_apriori,success,1.0,0.537887,33
katsura6,katsura,6,32,26,order3_apriori,success,1.0,0.626211375,64
katsura6,katsura,6,32,27,order3_apriori,success,1.0,0.333954042,59
katsura6,katsura,6,32,28,order3_apriori,success,1.0,0.697286166,49
katsura6,katsura,6,32,29,order3_apriori,success,1.0,0.487350375,23
katsura6,katsura,6,32,30,order3_apriori,success,1.0,0.163760041,27
katsura6,katsura,6,32,31,order3_apriori,success,1.0,0.796032125,64
katsura6,katsura,6,32,32,order3_apriori,success,1.0,0.242499541,43
random(2^3),random_dense,3,8,1,order3_apriori,success,1.0,0.044077125,19
random(2^3),random_dense,3,8,2,order3_apriori,success,1.0,0.046601167,20
random(2^3),random_dense,3,8,3,order3_apriori,success,1.0,0.342302292,16
random(2^3),random_dense,3,8,4,order3_apriori,success,1.0,0.04109075,21
random(2^3),random_dense,3,8,5,order3_apriori,success,1.0,0.0292355,15
random(2^3),random_dense,3,8,6,order3_apriori,success,1.0,0.042560542,18
random(2^3),random_dense,3,8,7,order3_apriori,success,1.0,0.025663292,13
random(2^3),random_dense,3,8,8,order3_apriori,success,1.0,0.050439166,23
random(2^4),random_dense,4,16,1,order3_apriori,success,1.0,0.080056042,18
random(2^4),random_dense,4,16,2,order3_apriori,success,1.0,0.610538,34
random(2^4),random_dense,4,16,3,order3_apriori,success,1.0,0.853016375,131
random(2^4),random_dense,4,16,4,order3_apriori,success,1.0,0.174102542,29
random(2^4),random_dense,4,16,5,order3_apriori,success,1.0,0.358069958,25
random(2^4),random_dense,4,16,6,order3_apriori,success,1.0,0.491873625,46
random(2^4),random_dense,4,16,7,order3_apriori,success,1.0,0.136838459,37
random(2^4),random_dense,4,16,8,order3_apriori,success,1.0,0.538061125,52
random(2^4),random_dense,4,16,9,order3_apriori,success,1.0,0.093857541,24
random(2^4),random_dense,4,16,10,order3_apriori,success,1.0,0.071605667,16
random(2^4),random_dense,4,16,11,order3_apriori,success,1.0,1.016790542,125
random(2^4),random_dense,4,16,12,order3_apriori,success,1.0,0.116370334,25
random(2^4),random_dense,4,16,13,order3_apriori,success,1.0,0.417942708,33
random(2^4),random_dense,4,16,14,order3_apriori,success,1.0,0.05043075,11
random(2^4),random_dense,4,16,15,order3_apriori,success,1.0,0.137032083,29
random(2^4),random_dense,4,16,16,order3_apriori,success,1.0,0.440563708,41
random(2^5),random_dense,5,32,1,order3_apriori,success,1.0,0.153675625,17
random(2^5),random_dense,5,32,2,order3_apriori,success,1.0,0.550396334,33
random(2^5),random_dense,5,32,3,order3_apriori,success,1.0,1.085493042,72
random(2^5),random_dense,5,32,4,order3_apriori,success,1.0,0.287505833,20
random(2^5),random_dense,5,32,5,order3_apriori,success,1.0,0.741929125,20
random(2^5),random_dense,5,32,6,order3_apriori,success,1.0,0.49623075,27
random(2^5),random_dense,5,32,7,order3_apriori,success,1.0,0.191076709,22
random(2^5),random_dense,5,32,8,order3_apriori,success,1.0,0.462900625,21
random(2^5),random_dense,5,32,9,order3_apriori,success,1.0,0.376990375,36
random(2^5),random_dense,5,32,10,order3_apriori,success,1.0,0.933076542,19
random(2^5),random_dense,5,32,11,order3_apriori,success,1.0,0.744410917,38
random(2^5),random_dense,5,32,12,order3_apriori,success,1.0,0.233814542,29
random(2^5),random_dense,5,32,13,order3_apriori,success,1.0,0.487919333,15
random(2^5),random_dense,5,32,14,order3_apriori,success,1.0,0.690319625,60
random(2^5),random_dense,5,32,15,order3_apriori,success,1.0,0.119115666,15
random(2^5),random_dense,5,32,16,order3_apriori,success,1.0,0.406411208,21
random(2^5),random_dense,5,32,17,order3_apriori,success,1.0,0.165774125,22
random(2^5),random_dense,5,32,18,order3_apriori,success,1.0,0.895796709,48
random(2^5),random_dense,5,32,19,order3_apriori,success,1.0,0.169208166,24
random(2^5),random_dense,5,32,20,order3_apriori,success,1.0,0.481063334,39
random(2^5),random_dense,5,32,21,order3_apriori,success,1.0,0.44980725,32
random(2^5),random_dense,5,32,22,order3_apriori,success,1.0,0.410599875,23
random(2^5),random_dense,5,32,23,order3_apriori,success,1.0,0.114874417,16
random(2^5),random_dense,5,32,24,order3_apriori,success,1.0,0.417265542,26
random(2^5),random_dense,5,32,25,order3_apriori,success,1.0,0.465552958,36
random(2^5),random_dense,5,32,26,order3_apriori,success,1.0,0.207415959,28
random(2^5),random_dense,5,32,27,order3_apriori,success,1.0,0.457830167,33
random(2^5),random_dense,5,32,28,order3_apriori,success,1.0,0.363450333,19
random(2^5),random_dense,5,32,29,order3_apriori,success,1.0,0.149125875,20
random(2^5),random_dense,5,32,30,order3_apriori,success,1.0,0.656116458,29
random(2^5),random_dense,5,32,31,order3_apriori,success,1.0,0.153835083,19
random(2^5),random_dense,5,32,32,order3_apriori,success,1.0,0.413169375,14
random(2^6),random_dense,6,64,1,order3_apriori,success,1.0,0.706477916,37
random(2^6),random_dense,6,64,2,order3_apriori,success,1.0,1.783779709,78
random(2^6),random_dense,6,64,3,order3_apriori,success,1.0,0.892464208,33
random(2^6),random_dense,6,64,4,order3_apriori,success,1.0,1.583996084,79
random(2^6),random_dense,6,64,5,order3_apriori,success,1.0,1.358923541,62
random(2^6),random_dense,6,64,6,order3_apriori,success,1.0,1.456088792,67
random(2^6),random_dense,6,64,7,order3_apriori,success,1.0,0.868739042,33
random(2^6),random_dense,6,64,8,order3_apriori,success,1.0,1.097055083,42
random(2^6),random_dense,6,64,9,order3_apriori,success,1.0,1.189672292,55
random(2^6),random_dense,6,64,10,order3_apriori,success,1.0,1.042038458,42
random(2^6),random_dense,6,64,11,order3_apriori,success,1.0,0.756492584,31
random(2^6),random_dense,6,64,12,order3_apriori,success,1.0,0.953979958,32
random(2^6),random_dense,6,64,13,order3_apriori,success,1.0,1.083930167,53
random(2^6),random_dense,6,64,14,order3_apriori,success,1.0,0.921499292,41
random(2^6),random_dense,6,64,15,order3_apriori,success,1.0,1.077092042,50
random(2^6),random_dense,6,64,16,order3_apriori,success,1.0,0.85240025,25
random(2^6),random_dense,6,64,17,order3_apriori,success,1.0,2.310365084,56
random(2^6),random_dense,6,64,18,order3_apriori,success,1.0,2.886882042,57
random(2^6),random_dense,6,64,19,order3_apriori,success,1.0,2.296862666,64
random(2^6),random_dense,6,64,20,order3_apriori,success,1.0,2.805689917,50
random(2^6),random_dense,6,64,21,order3_apriori,success,1.0,2.476879291,56
random(2^6),random_dense,6,64,22,order3_apriori,success,1.0,2.355893959,41
random(2^6),random_dense,6,64,23,order3_apriori,success,1.0,2.92286,71
random(2^6),random_dense,6,64,24,order3_apriori,success,1.0,3.092813958,76
random(2^6),random_dense,6,64,25,order3_apriori,success,1.0,1.163129458,56
random(2^6),random_dense,6,64,26,order3_apriori,success,1.0,1.465704666,53
random(2^6),random_dense,6,64,27,order3_apriori,success,1.0,2.278074792,55
random(2^6),random_dense,6,64,28,order3_apriori,success,1.0,2.020982959,46
random(2^6),random_dense,6,64,29,order3_apriori,success,1.0,1.347160834,28
random(2^6),random_dense,6,64,30,order3_apriori,success,1.0,2.3315815,58
random(2^6),random_dense,6,64,31,order3_apriori,success,1.0,3.949088625,69
random(2^6),random_dense,6,64,32,order3_apriori,success,1.0,1.375986208,42
random(2^6),random_dense,6,64,33,order3_apriori,success,1.0,0.710147875,36
random(2^6),random_dense,6,64,34,order3_apriori,success,1.0,2.53273875,59
random(2^6),random_dense,6,64,35,order3_apriori,success,1.0,1.4450755,33
random(2^6),random_dense,6,64,36,order3_apriori,success,1.0,1.359713166,36
random(2^6),random_dense,6,64,37,order3_apriori,success,1.0,2.485183625,100
random(2^6),random_dense,6,64,38,order3_apriori,success,1.0,4.138202417,180
random(2^6),random_dense,6,64,39,order3_apriori,success,1.0,1.217358875,51
random(2^6),random_dense,6,64,40,order3_apriori,success,1.0,0.99675,37
random(2^6),random_dense,6,64,41,order3_apriori,success,1.0,1.891751292,57
random(2^6),random_dense,6,64,42,order3_apriori,success,1.0,1.082649292,32
random(2^6),random_dense,6,64,43,order3_apriori,success,1.0,3.54106925,103
random(2^6),random_dense,6,64,44,order3_apriori,success,1.0,1.057069083,36
random(2^6),random_dense,6,64,45,order3_apriori,success,1.0,0.669535791,22
random(2^6),random_dense,6,64,46,order3_apriori,success,1.0,1.839564959,58
random(2^6),random_dense,6,64,47,order3_apriori,success,1.0,0.877022542,23
random(2^6),random_dense,6,64,48,order3_apriori,success,1.0,1.127895958,26
random(2^6),random_dense,6,64,49,order3_apriori,success,1.0,1.109803042,31
random(2^6),random_dense,6,64,50,order3_apriori,success,1.0,1.697025334,49
random(2^6),random_dense,6,64,51,order3_apriori,success,1.0,0.815771,30
random(2^6),random_dense,6,64,52,order3_apriori,success,1.0,0.948106083,29
random(2^6),random_dense,6,64,53,order3_apriori,success,1.0,2.195502042,78
random(2^6),random_dense,6,64,54,order3_apriori,success,1.0,2.133062375,60
random(2^6),random_dense,6,64,55,order3_apriori,success,1.0,1.44088025,39
random(2^6),random_dense,6,64,56,order3_apriori,success,1.0,1.139775,25
random(2^6),random_dense,6,64,57,order3_apriori,success,1.0,1.568035125,27
random(2^6),random_dense,6,64,58,order3_apriori,success,1.0,2.008001208,78
random(2^6),random_dense,6,64,59,order3_apriori,success,1.0,1.286430375,47
random(2^6),random_dense,6,64,60,order3_apriori,success,1.0,1.522879792,48
random(2^6),random_dense,6,64,61,order3_apriori,success,1.0,1.15053425,40
random(2^6),random_dense,6,64,62,order3_apriori,success,1.0,1.59587375,39
random(2^6),random_dense,6,64,63,order3_apriori,success,1.0,1.118135333,28
random(2^6),random_dense,6,64,64,order3_apriori,success,1.0,1.272288792,35
katsura3,katsura,3,10003,4,1,adaptive_constant,success,1.0,4.789317459,1377
katsura3,katsura,3,10003,4,1,apriori_constant,success,1.0,0.728289208,1013
katsura3,katsura,3,10003,4,1,truncated_hermite,success,1.0,2.232945833,32
katsura3,katsura,3,10003,4,1,nontruncated_hermite,success,1.0,0.159226083,39
katsura3,katsura,3,10003,4,1,order3_apriori,success,1.0,0.053910334,19
katsura3,katsura,3,10003,4,2,adaptive_constant,success,1.0,0.564869084,548
katsura3,katsura,3,10003,4,2,apriori_constant,success,1.0,0.206854417,416
katsura3,katsura,3,10003,4,2,truncated_hermite,success,1.0,0.028334042,22
katsura3,katsura,3,10003,4,2,nontruncated_hermite,success,1.0,0.945263417,26
katsura3,katsura,3,10003,4,2,order3_apriori,success,1.0,0.016093458,12
katsura3,katsura,3,10003,4,3,adaptive_constant,success,1.0,0.488044875,791
katsura3,katsura,3,10003,4,3,apriori_constant,success,1.0,0.898833166,561
katsura3,katsura,3,10003,4,3,truncated_hermite,success,1.0,0.02352575,26
katsura3,katsura,3,10003,4,3,nontruncated_hermite,success,1.0,0.029914667,31
katsura3,katsura,3,10003,4,3,order3_apriori,success,1.0,0.016402417,15
katsura3,katsura,3,10003,4,4,adaptive_constant,success,1.0,2.305258208,1084
katsura3,katsura,3,10003,4,4,apriori_constant,success,1.0,0.321116917,769
katsura3,katsura,3,10003,4,4,truncated_hermite,success,1.0,0.037101709,31
katsura3,katsura,3,10003,4,4,nontruncated_hermite,success,1.0,0.03985825,38
katsura3,katsura,3,10003,4,4,order3_apriori,success,1.0,0.029139,19
random(2^3),random_dense,3,20003,8,1,adaptive_constant,success,1.0,4.857033833,2337
random(2^3),random_dense,3,20003,8,1,apriori_constant,success,1.0,1.615012125,1745
random(2^3),random_dense,3,20003,8,1,truncated_hermite,success,1.0,0.149855292,30
random(2^3),random_dense,3,20003,8,1,nontruncated_hermite,success,1.0,0.057286209,37
random(2^3),random_dense,3,20003,8,1,order3_apriori,success,1.0,0.042026875,19
random(2^3),random_dense,3,20003,8,2,adaptive_constant,success,1.0,1.9858155,1562
random(2^3),random_dense,3,20003,8,2,apriori_constant,success,1.0,1.232304958,1114
random(2^3),random_dense,3,20003,8,2,truncated_hermite,success,1.0,0.05090025,30
random(2^3),random_dense,3,20003,8,2,nontruncated_hermite,success,1.0,0.550953333,40
random(2^3),random_dense,3,20003,8,2,order3_apriori,success,1.0,0.039419459,20
random(2^3),random_dense,3,20003,8,3,adaptive_constant,success,1.0,3.330632417,1794
random(2^3),random_dense,3,20003,8,3,apriori_constant,success,1.0,1.144514,1292
random(2^3),random_dense,3,20003,8,3,truncated_hermite,success,1.0,0.038907667,25
random(2^3),random_dense,3,20003,8,3,nontruncated_hermite,success,1.0,0.046149083,31
random(2^3),random_dense,3,20003,8,3,order3_apriori,success,1.0,0.142283833,16
random(2^3),random_dense,3,20003,8,4,adaptive_constant,success,1.0,3.2625035,1533
random(2^3),random_dense,3,20003,8,4,apriori_constant,success,1.0,1.490407667,1262
random(2^3),random_dense,3,20003,8,4,truncated_hermite,success,1.0,0.056065292,34
random(2^3),random_dense,3,20003,8,4,nontruncated_hermite,success,1.0,0.071750375,42
random(2^3),random_dense,3,20003,8,4,order3_apriori,success,1.0,0.055146875,21
random(2^3),random_dense,3,20003,8,5,adaptive_constant,success,1.0,1.370456958,948
random(2^3),random_dense,3,20003,8,5,apriori_constant,success,1.0,0.838031166,748
random(2^3),random_dense,3,20003,8,5,truncated_hermite,success,1.0,0.037293,21
random(2^3),random_dense,3,20003,8,5,nontruncated_hermite,success,1.0,0.04862675,27
random(2^3),random_dense,3,20003,8,5,order3_apriori,success,1.0,0.035843,15
random(2^3),random_dense,3,20003,8,6,adaptive_constant,success,1.0,2.943331083,2389
random(2^3),random_dense,3,20003,8,6,apriori_constant,success,1.0,2.049577667,1802
random(2^3),random_dense,3,20003,8,6,truncated_hermite,success,1.0,0.058265416,27
random(2^3),random_dense,3,20003,8,6,nontruncated_hermite,success,1.0,0.060736542,35
random(2^3),random_dense,3,20003,8,6,order3_apriori,success,1.0,0.038784542,18
random(2^3),random_dense,3,20003,8,7,adaptive_constant,success,1.0,0.978002917,628
random(2^3),random_dense,3,20003,8,7,apriori_constant,success,1.0,0.458993792,436
random(2^3),random_dense,3,20003,8,7,truncated_hermite,success,1.0,0.03554875,19
random(2^3),random_dense,3,20003,8,7,nontruncated_hermite,success,1.0,0.049756916,24
random(2^3),random_dense,3,20003,8,7,order3_apriori,success,1.0,0.07035475,13
random(2^3),random_dense,3,20003,8,8,adaptive_constant,success,1.0,4.220054959,3245
random(2^3),random_dense,3,20003,8,8,apriori_constant,success,1.0,2.007698334,2250
random(2^3),random_dense,3,20003,8,8,truncated_hermite,success,1.0,0.061610791,39
random(2^3),random_dense,3,20003,8,8,nontruncated_hermite,success,1.0,0.218081792,47
random(2^3),random_dense,3,20003,8,8,order3_apriori,success,1.0,0.040430917,23
katsura3,katsura,3,217337003,4,1,order3_apriori,success,1.0,1.301643417,32
katsura3,katsura,3,217337003,4,2,order3_apriori,success,1.0,0.027881333,14
katsura3,katsura,3,217337003,4,3,order3_apriori,success,1.0,0.035170375,17
katsura3,katsura,3,217337003,4,4,order3_apriori,success,1.0,0.068526584,25
katsura4,katsura,4,217337004,8,1,order3_apriori,success,1.0,0.399555792,99
katsura4,katsura,4,217337004,8,2,order3_apriori,success,1.0,0.733656083,31
katsura4,katsura,4,217337004,8,3,order3_apriori,success,1.0,0.031261959,17
katsura4,katsura,4,217337004,8,4,order3_apriori,success,1.0,0.060621667,31
katsura4,katsura,4,217337004,8,5,order3_apriori,success,1.0,0.068886875,30
katsura4,katsura,4,217337004,8,6,order3_apriori,success,1.0,0.046527,17
katsura4,katsura,4,217337004,8,7,order3_apriori,success,1.0,0.062511833,29
katsura4,katsura,4,217337004,8,8,order3_apriori,success,1.0,0.071935,34
katsura5,katsura,5,217337005,16,1,order3_apriori,success,1.0,0.723621,80
katsura5,katsura,5,217337005,16,2,order3_apriori,success,1.0,0.147379292,48
katsura5,katsura,5,217337005,16,3,order3_apriori,success,1.0,0.507191959,61
katsura5,katsura,5,217337005,16,4,order3_apriori,success,1.0,0.074292,26
katsura5,katsura,5,217337005,16,5,order3_apriori,success,1.0,0.154797625,53
katsura5,katsura,5,217337005,16,6,order3_apriori,success,1.0,0.484782167,61
katsura5,katsura,5,217337005,16,7,order3_apriori,success,1.0,0.37383025,77
katsura5,katsura,5,217337005,16,8,order3_apriori,success,1.0,0.642916583,23
katsura5,katsura,5,217337005,16,9,order3_apriori,success,1.0,0.097409375,30
katsura5,katsura,5,217337005,16,10,order3_apriori,success,1.0,0.173289625,54
katsura5,katsura,5,217337005,16,11,order3_apriori,success,1.0,0.621361833,76
katsura5,katsura,5,217337005,16,12,order3_apriori,success,1.0,0.21708375,58
katsura5,katsura,5,217337005,16,13,order3_apriori,success,1.0,0.10621875,23
katsura5,katsura,5,217337005,16,14,order3_apriori,success,1.0,0.633526916,35
katsura5,katsura,5,217337005,16,15,order3_apriori,success,1.0,0.179797,56
katsura5,katsura,5,217337005,16,16,order3_apriori,success,1.0,0.159481167,36
katsura6,katsura,6,217337006,32,1,order3_apriori,success,1.0,2.054847666,77
katsura6,katsura,6,217337006,32,2,order3_apriori,success,1.0,1.282841291,71
katsura6,katsura,6,217337006,32,3,order3_apriori,success,1.0,0.305909292,59
katsura6,katsura,6,217337006,32,4,order3_apriori,success,1.0,1.224337042,78
katsura6,katsura,6,217337006,32,5,order3_apriori,success,1.0,0.94825775,48
katsura6,katsura,6,217337006,32,6,order3_apriori,success,1.0,0.282817708,50
katsura6,katsura,6,217337006,32,7,order3_apriori,success,1.0,0.713308417,64
katsura6,katsura,6,217337006,32,8,order3_apriori,success,1.0,0.722761208,71
katsura6,katsura,6,217337006,32,9,order3_apriori,success,1.0,0.61266125,76
katsura6,katsura,6,217337006,32,10,order3_apriori,success,1.0,0.6272905,76
katsura6,katsura,6,217337006,32,11,order3_apriori,success,1.0,0.638182875,88
katsura6,katsura,6,217337006,32,12,order3_apriori,success,1.0,0.672622917,87
katsura6,katsura,6,217337006,32,13,order3_apriori,success,1.0,0.428313542,47
katsura6,katsura,6,217337006,32,14,order3_apriori,success,1.0,0.44567,45
katsura6,katsura,6,217337006,32,15,order3_apriori,success,1.0,0.5716735,73
katsura6,katsura,6,217337006,32,16,order3_apriori,success,1.0,0.549063083,70
katsura6,katsura,6,217337006,32,17,order3_apriori,success,1.0,0.531802667,64
katsura6,katsura,6,217337006,32,18,order3_apriori,success,1.0,0.565981167,73
katsura6,katsura,6,217337006,32,19,order3_apriori,success,1.0,0.509089833,63
katsura6,katsura,6,217337006,32,20,order3_apriori,success,1.0,0.553698166,78
katsura6,katsura,6,217337006,32,21,order3_apriori,success,1.0,0.725821209,103
katsura6,katsura,6,217337006,32,22,order3_apriori,success,1.0,0.84547025,93
katsura6,katsura,6,217337006,32,23,order3_apriori,success,1.0,0.589698,82
katsura6,katsura,6,217337006,32,24,order3_apriori,success,1.0,0.674743125,93
katsura6,katsura,6,217337006,32,25,order3_apriori,success,1.0,0.418026125,42
katsura6,katsura,6,217337006,32,26,order3_apriori,success,1.0,0.448551458,42
katsura6,katsura,6,217337006,32,27,order3_apriori,success,1.0,0.558017208,67
katsura6,katsura,6,217337006,32,28,order3_apriori,success,1.0,0.528034542,64
katsura6,katsura,6,217337006,32,29,order3_apriori,success,1.0,0.3133055,67
katsura6,katsura,6,217337006,32,30,order3_apriori,success,1.0,0.547459791,65
katsura6,katsura,6,217337006,32,31,order3_apriori,success,1.0,0.598861125,75
katsura6,katsura,6,217337006,32,32,order3_apriori,success,1.0,0.792169833,78
random(2^3),random_dense,3,217347003,8,1,order3_apriori,success,1.0,0.026093334,15
random(2^3),random_dense,3,217347003,8,2,order3_apriori,success,1.0,0.022693625,13
random(2^3),random_dense,3,217347003,8,3,order3_apriori,success,1.0,0.100345,55
random(2^3),random_dense,3,217347003,8,4,order3_apriori,success,1.0,0.037801083,19
random(2^3),random_dense,3,217347003,8,5,order3_apriori,success,1.0,0.033386292,17
random(2^3),random_dense,3,217347003,8,6,order3_apriori,success,1.0,0.3039815,24
random(2^3),random_dense,3,217347003,8,7,order3_apriori,success,1.0,0.082001584,35
random(2^3),random_dense,3,217347003,8,8,order3_apriori,success,1.0,0.057733042,32
random(2^4),random_dense,4,217347004,16,1,order3_apriori,success,1.0,0.172347666,37
random(2^4),random_dense,4,217347004,16,2,order3_apriori,success,1.0,0.454400333,36
random(2^4),random_dense,4,217347004,16,3,order3_apriori,success,1.0,0.093111417,23
random(2^4),random_dense,4,217347004,16,4,order3_apriori,success,1.0,0.506016667,34
random(2^4),random_dense,4,217347004,16,5,order3_apriori,success,1.0,0.215042584,52
random(2^4),random_dense,4,217347004,16,6,order3_apriori,success,1.0,0.584015291,90
random(2^4),random_dense,4,217347004,16,7,order3_apriori,success,1.0,0.371795542,34
random(2^4),random_dense,4,217347004,16,8,order3_apriori,success,1.0,0.435266292,49
random(2^4),random_dense,4,217347004,16,9,order3_apriori,success,1.0,0.100983292,27
random(2^4),random_dense,4,217347004,16,10,order3_apriori,success,1.0,0.121869708,30
random(2^4),random_dense,4,217347004,16,11,order3_apriori,success,1.0,0.361435125,29
random(2^4),random_dense,4,217347004,16,12,order3_apriori,success,1.0,0.458634,52
random(2^4),random_dense,4,217347004,16,13,order3_apriori,success,1.0,0.104707833,28
random(2^4),random_dense,4,217347004,16,14,order3_apriori,success,1.0,0.420957542,51
random(2^4),random_dense,4,217347004,16,15,order3_apriori,success,1.0,0.128750542,33
random(2^4),random_dense,4,217347004,16,16,order3_apriori,success,1.0,0.428179667,53
random(2^5),random_dense,5,217347005,32,1,order3_apriori,success,1.0,0.912737541,67
random(2^5),random_dense,5,217347005,32,2,order3_apriori,success,1.0,0.608021542,60
random(2^5),random_dense,5,217347005,32,3,order3_apriori,success,1.0,0.753341792,50
random(2^5),random_dense,5,217347005,32,4,order3_apriori,success,1.0,1.5239455,66
random(2^5),random_dense,5,217347005,32,5,order3_apriori,success,1.0,1.692154292,69
random(2^5),random_dense,5,217347005,32,6,order3_apriori,success,1.0,1.8221635,64
random(2^5),random_dense,5,217347005,32,7,order3_apriori,success,1.0,3.747182958,80
random(2^5),random_dense,5,217347005,32,8,order3_apriori,success,1.0,1.004987167,68
random(2^5),random_dense,5,217347005,32,9,order3_apriori,success,1.0,1.529631708,55
random(2^5),random_dense,5,217347005,32,10,order3_apriori,success,1.0,0.992961084,64
random(2^5),random_dense,5,217347005,32,11,order3_apriori,success,1.0,0.721477875,43
random(2^5),random_dense,5,217347005,32,12,order3_apriori,success,1.0,0.744907334,50
random(2^5),random_dense,5,217347005,32,13,order3_apriori,success,1.0,0.730330209,42
random(2^5),random_dense,5,217347005,32,14,order3_apriori,success,1.0,0.713783209,43
random(2^5),random_dense,5,217347005,32,15,order3_apriori,success,1.0,1.261387292,74
random(2^5),random_dense,5,217347005,32,16,order3_apriori,success,1.0,0.69408675,31
random(2^5),random_dense,5,217347005,32,17,order3_apriori,success,1.0,0.519846167,31
random(2^5),random_dense,5,217347005,32,18,order3_apriori,success,1.0,0.571122958,35
random(2^5),random_dense,5,217347005,32,19,order3_apriori,success,1.0,0.714554166,52
random(2^5),random_dense,5,217347005,32,20,order3_apriori,success,1.0,0.506581625,27
random(2^5),random_dense,5,217347005,32,21,order3_apriori,success,1.0,0.754624833,59
random(2^5),random_dense,5,217347005,32,22,order3_apriori,success,1.0,0.526872792,18
random(2^5),random_dense,5,217347005,32,23,order3_apriori,success,1.0,2.063951,78
random(2^5),random_dense,5,217347005,32,24,order3_apriori,success,1.0,4.397743792,196
random(2^5),random_dense,5,217347005,32,25,order3_apriori,success,1.0,2.756464083,103
random(2^5),random_dense,5,217347005,32,26,order3_apriori,success,1.0,0.645113291,47
random(2^5),random_dense,5,217347005,32,27,order3_apriori,success,1.0,0.486738125,27
random(2^5),random_dense,5,217347005,32,28,order3_apriori,success,1.0,2.97079425,68
random(2^5),random_dense,5,217347005,32,29,order3_apriori,success,1.0,1.382365166,32
random(2^5),random_dense,5,217347005,32,30,order3_apriori,success,1.0,2.029505416,32
random(2^5),random_dense,5,217347005,32,31,order3_apriori,success,1.0,1.935900916,78
random(2^5),random_dense,5,217347005,32,32,order3_apriori,success,1.0,1.461925083,33
random(2^6),random_dense,6,217347006,64,1,order3_apriori,success,1.0,2.871271291,69
random(2^6),random_dense,6,217347006,64,2,order3_apriori,success,1.0,1.797388709,49
random(2^6),random_dense,6,217347006,64,3,order3_apriori,success,1.0,2.845689833,92
random(2^6),random_dense,6,217347006,64,4,order3_apriori,success,1.0,1.561495,44
random(2^6),random_dense,6,217347006,64,5,order3_apriori,success,1.0,1.108768667,37
random(2^6),random_dense,6,217347006,64,6,order3_apriori,success,1.0,0.949161542,27
random(2^6),random_dense,6,217347006,64,7,order3_apriori,success,1.0,3.320327,44
random(2^6),random_dense,6,217347006,64,8,order3_apriori,success,1.0,3.221863084,66
random(2^6),random_dense,6,217347006,64,9,order3_apriori,success,1.0,3.038714292,54
random(2^6),random_dense,6,217347006,64,10,order3_apriori,success,1.0,0.847377208,24
random(2^6),random_dense,6,217347006,64,11,order3_apriori,success,1.0,1.756806542,45
random(2^6),random_dense,6,217347006,64,12,order3_apriori,success,1.0,17.775290458,199
random(2^6),random_dense,6,217347006,64,13,order3_apriori,success,1.0,4.150777625,41
random(2^6),random_dense,6,217347006,64,14,order3_apriori,success,1.0,3.137327208,36
random(2^6),random_dense,6,217347006,64,15,order3_apriori,success,1.0,1.117665208,27
random(2^6),random_dense,6,217347006,64,16,order3_apriori,success,1.0,7.37197825,132
random(2^6),random_dense,6,217347006,64,17,order3_apriori,success,1.0,3.649716917,43
random(2^6),random_dense,6,217347006,64,18,order3_apriori,success,1.0,2.202407792,37
random(2^6),random_dense,6,217347006,64,19,order3_apriori,success,1.0,8.530033625,60
random(2^6),random_dense,6,217347006,64,20,order3_apriori,success,1.0,2.997477958,48
random(2^6),random_dense,6,217347006,64,21,order3_apriori,success,1.0,2.2584405,42
random(2^6),random_dense,6,217347006,64,22,order3_apriori,success,1.0,1.235817083,32
random(2^6),random_dense,6,217347006,64,23,order3_apriori,success,1.0,12.429847083,119
random(2^6),random_dense,6,217347006,64,24,order3_apriori,success,1.0,4.999371875,57
random(2^6),random_dense,6,217347006,64,25,order3_apriori,success,1.0,5.365794834,89
random(2^6),random_dense,6,217347006,64,26,order3_apriori,success,1.0,2.57358725,30
random(2^6),random_dense,6,217347006,64,27,order3_apriori,success,1.0,3.669157167,49
random(2^6),random_dense,6,217347006,64,28,order3_apriori,success,1.0,1.349920125,54
random(2^6),random_dense,6,217347006,64,29,order3_apriori,success,1.0,2.093113167,81
random(2^6),random_dense,6,217347006,64,30,order3_apriori,success,1.0,1.0067385,31
random(2^6),random_dense,6,217347006,64,31,order3_apriori,success,1.0,1.916541833,66
random(2^6),random_dense,6,217347006,64,32,order3_apriori,success,1.0,1.066540833,41
random(2^6),random_dense,6,217347006,64,33,order3_apriori,success,1.0,1.368116333,46
random(2^6),random_dense,6,217347006,64,34,order3_apriori,success,1.0,4.7736495,108
random(2^6),random_dense,6,217347006,64,35,order3_apriori,success,1.0,1.282930792,41
random(2^6),random_dense,6,217347006,64,36,order3_apriori,success,1.0,0.937297792,30
random(2^6),random_dense,6,217347006,64,37,order3_apriori,success,1.0,1.156558458,45
random(2^6),random_dense,6,217347006,64,38,order3_apriori,success,1.0,1.042625125,29
random(2^6),random_dense,6,217347006,64,39,order3_apriori,success,1.0,2.5852875,76
random(2^6),random_dense,6,217347006,64,40,order3_apriori,success,1.0,6.084219,57
random(2^6),random_dense,6,217347006,64,41,order3_apriori,success,1.0,2.601526208,39
random(2^6),random_dense,6,217347006,64,42,order3_apriori,success,1.0,1.403265917,24
random(2^6),random_dense,6,217347006,64,43,order3_apriori,success,1.0,1.585950584,44
random(2^6),random_dense,6,217347006,64,44,order3_apriori,success,1.0,0.945759083,25
random(2^6),random_dense,6,217347006,64,45,order3_apriori,success,1.0,0.748506,30
random(2^6),random_dense,6,217347006,64,46,order3_apriori,success,1.0,0.717939167,29
random(2^6),random_dense,6,217347006,64,47,order3_apriori,success,1.0,0.459239917,24
random(2^6),random_dense,6,217347006,64,48,order3_apriori,success,1.0,1.45270775,57
random(2^6),random_dense,6,217347006,64,49,order3_apriori,success,1.0,1.273946667,56
random(2^6),random_dense,6,217347006,64,50,order3_apriori,success,1.0,0.476150042,21
random(2^6),random_dense,6,217347006,64,51,order3_apriori,success,1.0,1.526912167,59
random(2^6),random_dense,6,217347006,64,52,order3_apriori,success,1.0,2.556872958,81
random(2^6),random_dense,6,217347006,64,53,order3_apriori,success,1.0,4.264261792,161
random(2^6),random_dense,6,217347006,64,54,order3_apriori,success,1.0,1.104370958,38
random(2^6),random_dense,6,217347006,64,55,order3_apriori,success,1.0,2.584391833,49
random(2^6),random_dense,6,217347006,64,56,order3_apriori,success,1.0,4.524659125,37
random(2^6),random_dense,6,217347006,64,57,order3_apriori,success,1.0,2.240362375,54
random(2^6),random_dense,6,217347006,64,58,order3_apriori,success,1.0,1.032006292,25
random(2^6),random_dense,6,217347006,64,59,order3_apriori,success,1.0,3.011285209,71
random(2^6),random_dense,6,217347006,64,60,order3_apriori,success,1.0,1.354308167,41
random(2^6),random_dense,6,217347006,64,61,order3_apriori,success,1.0,1.50884975,41
random(2^6),random_dense,6,217347006,64,62,order3_apriori,success,1.0,3.138396291,75
random(2^6),random_dense,6,217347006,64,63,order3_apriori,success,1.0,0.854580708,21
random(2^6),random_dense,6,217347006,64,64,order3_apriori,success,1.0,2.051146792,58
